,admission_source_code,readmitted
0,1,0.10618983279851377
1,2,0.10250569476082004
2,4,0.09298721425803952
3,5,0.12187958883994127
4,6,0.0879604178119846
5,7,0.11684297592616778
6,missing,0.10494593157241623
7,others,0.12903225806451613
