,age,readmitted
0,[0-10),0.014705882352941176
1,[10-20),0.0521415270018622
2,[20-30),0.14109483423284502
3,[30-40),0.10964912280701754
4,[40-50),0.10322752734062417
5,[50-60),0.09773371104815864
6,[60-70),0.11232341793958883
7,[70-80),0.11751641083855684
8,[80-90),0.12149742210266756
9,[90-100),0.106353591160221
10,missing,0.1091609589041096
