,gender,readmitted
0,female,0.11246826322651479
1,male,0.11023851847921254
2,missing,0.0
