,payer_code,readmitted
0,bc,0.09037116729424421
1,cm,0.09800128949065119
2,cp,0.08621529469069654
3,hm,0.10355921978684898
4,mc,0.11790998766954378
5,md,0.1136685552407932
6,missing,0.114350331495136
7,og,0.1320754716981132
8,others,0.08955223880597014
9,sp,0.10242318261304022
10,un,0.09610389610389611
