,race,readmitted
0,afroamerican,0.11307512347283598
1,asian,0.10251450676982592
2,caucasian,0.11234866032559591
3,hispanic,0.10448678549477566
4,missing,0.0815544608648057
5,other,0.10254237288135593
